"Products.Business.Line.Leader","number_orders","money","ADVENTURING","COMMISSIONS","LUXURY SPECIALTIES","money.scaled","orders.scaled","Adv.scaled","Com.scaled","Lux.scaled"
"Balthazaar Viscari",25271,66698685.6,57311063.7,0,9387621.9,0.0732503180842159,0.0747751213161321,0.123214011491646,0,0.0298008763268244
"Bruno Notlot",84557,217646416.7,130333248,7790779.4,79522389.3,0.23902523879968,0.25019824831341,0.280205623138967,0.0597395621948215,0.252442728732278
"Bubbles",244481,678135404,378140209,55018009.7,244977185.3,0.744746820725478,0.723402177772517,0.812969940691913,0.421877150353974,0.777676698080358
"Gundren Rockseeker",25685,73589319.7,3057718,20543698.5,49987903.2,0.0808178006378293,0.076000118357202,0.00657383891463548,0.157528726105685,0.158685909697798
"Kay Glimshine",88147,239897268,229550205.5,1452575,8894487.5,0.263461731373825,0.260820807196118,0.493513814478141,0.0111383200704082,0.0282354279711655
"Lanec Lot",32323,93887147.9,48203992.2,9605253,36077902.7,0.103109429905989,0.0956414960350337,0.103634566616393,0.0736529144940872,0.114528804839691
"Shade Tabaxii",40003,113748202.5,84693670.2,0,29054532.3,0.12492138247823,0.118366078825897,0.182084333801895,0,0.0922332123118451
"T'avin T'soban",337960,910558306.7,465134305.8,130412395.3,315011605.6,1,1,1,1,1
